[
  {
    "name":"Abia",
    "capital":"Umuahia"
  },
  {
    "name":"Adamawa",
    "capital":"Yola"
  },
  {
    "name":"Akwa Ibom",
    "capital":"Uyo"
  },
  {
    "name":"Anambra",
    "capital":"Awka"
  },
  {
    "name":"Bauchi",
    "capital":"Bauchi"
  },
  {
    "name":"Benue",
    "capital":"Makurdi"
  },
  {
    "name":"Borno",
    "capital":"Maiduguri"
  },
  {
    "name":"Bayelsa",
    "capital":"Yenagoa"
  },
  {
    "name":"Cross River",
    "capital":"Calabar"
  },
  {
    "name":"Delta",
    "capital":"Asaba"
  },
  {
    "name":"Ebonyi",
    "capital":"Abakaliki"
  },
  {
    "name":"Edo",
    "capital":"Benin"
  },
  {
    "name":"Ekiti",
    "capital":"Ado-Ekiti"
  },
  {
    "name":"Enugu",
    "capital":"Enugu"
  },
  {
    "name":"Federal Capital Territory",
    "capital":"Abuja"
  },
  {
    "name":"Gombe",
    "capital":"Gombe"
  },
  {
    "name":"Jigawa",
    "capital":"Dutse"
  },
  {
    "name":"Imo",
    "capital":"Owerri"
  },
  {
    "name":"Kaduna",
    "capital":"Kaduna"
  },
  {
    "name":"Kebbi",
    "capital":"Birnin Kebbi"
  },
  {
    "name":"Kano",
    "capital":"Kano"
  },
  {
    "name":"Kogi",
    "capital":"Lokoja"
  },
  {
    "name":"Lagos",
    "capital":"Ikeja"
  },
  {
    "name":"Katsina",
    "capital":"Katsina"
  },
  {
    "name":"Kwara",
    "capital":"Ilorin"
  },
  {
    "name":"Nasarawa",
    "capital":"Lafia"
  },
  {
    "name":"Niger",
    "capital":"Minna"
  },
  {
    "name":"Ogun",
    "capital":"Abeokuta"
  },
  {
    "name":"Ondo",
    "capital":"Akure"
  },
  {
    "name":"Rivers",
    "capital":"Port Harcourt"
  },
  {
    "name":"Oyo",
    "capital":"Ibadan"
  },
  {
    "name":"Osun",
    "capital":"Osogbo"
  },
  {
    "name":"Sokoto",
    "capital":"Sokoto"
  },
  {
    "name":"Plateau",
    "capital":"Jos"
  },
  {
    "name":"Taraba",
    "capital":"Jalingo"
  },
  {
    "name":"Yobe",
    "capital":"Damaturu"
  },
  {
    "name":"Zamfara",
    "capital":"Gusau"
  }
]
