[
  {
    "state":"Akwa Ibom",
    "alias":"akwa_ibom",
    "cities":["Eket", "Ikot Ekpene", "Oron", "Uyo"]
  },
  {
    "state":"Bauchi",
    "alias":"bauchi",
    "cities":["Bauchi"]
  },
  {
    "state":"Benue",
    "alias":"benue",
    "cities":["Makurdi"]
  },
  {
    "state":"Borno",
    "alias":"borno",
    "cities":["Bama", "Maiduguri"]
  },
  {
    "state":"Bayelsa",
    "alias":"bayelsa",
    "cities":["Yenagoa"]
  },
  {
    "state":"Delta",
    "alias":"delta",
    "cities":["Sapele"]
  },
  {
    "state":"Ebonyi",
    "alias":"ebonyi",
    "cities":["Abakaliki"]
  },
  {
    "state":"Ekiti",
    "alias":"ekiti",
    "cities":["Ado Ekiti"]
  },
  {
    "state":"Enugu",
    "alias":"enugu",
    "cities":["Enugu", "Nsukka", "Agbani", "Awgu", "Udi", "Oji-River"]
  },
  {
    "state":"Federal Capital Territory",
    "alias":"fct",
    "cities":["Abuja"]
  },
  {
    "state":"Gombe",
    "alias":"gombe",
    "cities":["Gombe"]
  },
  {
    "state":"Jigawa",
    "alias":"jigawa",
    "cities":["Dutse"]
  },
  {
    "state":"Imo",
    "alias":"imo",
    "cities":["Okigwe", "Orlu"]
  },
  {
    "state":"Kaduna",
    "alias":"kaduna",
    "cities":["Kaduna", "Zaria"]
  },
  {
    "state":"Kebbi",
    "alias":"kebbi",
    "cities":["Birnin Kebbi"]
  },
  {
    "state":"Kogi",
    "alias":"kogi",
    "cities":["Lokoja", "Okene"]
  },
  {
    "state":"Lagos",
    "alias":"lagos",
    "cities":["Agege", "Ikeja"]
  },
  {
    "state":"Katsina",
    "alias":"katsina",
    "cities":["Funtua", "Katsina"]
  },
  {
    "state":"Kwara",
    "alias":"kwara",
    "cities":["Offa", "Ilorin"]
  },
  {
    "state":"Nasarawa",
    "alias":"nasarawa",
    "cities":["Lafia"]
  },
  {
    "state":"Niger",
    "alias":"niger",
    "cities":["Bida", "Suleja"]
  },
  {
    "state":"Ogun",
    "alias":"ogun",
    "cities":["Ijebu Ode", "Shagamu"]
  },
  {
    "state":"Ondo",
    "alias":"ondo",
    "cities":["Owo"]
  },
  {
    "state":"Rivers",
    "alias":"rivers",
    "cities":["Port Harcourt"]
  },
  {
    "state":"Oyo",
    "alias":"oyo",
    "cities":["Oyo"]
  },
  {
    "state":"Osun",
    "alias":"osun",
    "cities":["Iwo", "Osogbo"]
  },
  {
    "state":"Taraba",
    "alias":"taraba",
    "cities":["Wukari"]
  },
  {
    "state":"Yobe",
    "alias":"yobe",
    "cities":["Nguru", "Potiskum"]
  },
  {
    "state":"Zamfara",
    "alias":"zamfara",
    "cities":["Gusau"]
  }
]
